<?xml version="1.0" encoding="UTF-8"?>
<!DOCTYPE suite SYSTEM "http://testng.org/testng-1.0.dtd" >
<suite name="PigeonLab_Automation">
	<listeners>
		<listener class-name="com.PigeonholeLive.Reports.TestNGCustomReportListener" />
	 	<listener class-name="com.PigeonholeLive.Utilities.RetryTransform" /> 
	</listeners>

	<test name="ChangePassword 224984 chrome">
		<parameter name="browser" value="chrome" />
		<classes>
			<class name="com.PigeonholeLive.Scripts.ChangePassword_Test" />
		</classes>
	</test>
	
	<test name="ChangePassword 224984 firefox">
		<parameter name="browser" value="firefox" />
		<classes>
			<class name="com.PigeonholeLive.Scripts.ChangePassword_Test" />
		</classes>
	</test>

</suite> 