<?xml version="1.0" encoding="UTF-8"?>
<!DOCTYPE suite SYSTEM "http://testng.org/testng-1.0.dtd" >
<suite name="PigeonLab_Automation">
	<listeners>
		<listener class-name="com.PigeonholeLive.Reports.TestNGCustomReportListener" />
	 	<listener class-name="com.PigeonholeLive.Utilities.RetryTransform" /> 
	</listeners>

	<test name="ChangePassword 224984 chrome">
		<parameter name="browser" value="chrome" />
		<classes>
			<class name="com.PigeonholeLive.Scripts.ChangePassword_Test" />
		</classes>
	</test>

	<test name="ChangePassword 224984 ie">
		<parameter name="browser" value="ie" />
		<classes>
			<class name="com.PigeonholeLive.Scripts.ChangePassword_Test" />
		</classes>
	</test>

	<test name="CreateNewTeamTemplatesPollMCQ 238644 chrome">
		<parameter name="browser" value="chrome" />
		<classes>
			<class
				name="com.PigeonholeLive.Scripts.CreateNewTeamTemplatesPollMCQ_Test" />
		</classes>
	</test>

	<test name="CreateNewTeamTemplatesPollMCQ 238644 ie">
		<parameter name="browser" value="chrome" />
		<classes>
			<class
				name="com.PigeonholeLive.Scripts.CreateNewTeamTemplatesPollMCQ_Test" />
		</classes>
	</test>

	<test name="CreateQAsession 140457 chrome">
		<parameter name="browser" value="chrome" />
		<classes>
			<class name="com.PigeonholeLive.Scripts.CreateQAsession_Test" />
		</classes>
	</test>

	<test name="CreateQAsession 140457 ie">
		<parameter name="browser" value="ie" />
		<classes>
			<class name="com.PigeonholeLive.Scripts.CreateQAsession_Test" />
		</classes>
	</test>

	<test name="CreateAnOpenTextPollSession 141119 chrome">
		<parameter name="browser" value="chrome" />
		<classes>
			<class name="com.PigeonholeLive.Scripts.CreateAnOpenTextPollSession_Test" />
		</classes>
	</test>

	<test name="CreateAnOpenTextPollSession 141119 ie">
		<parameter name="browser" value="ie" />
		<classes>
			<class name="com.PigeonholeLive.Scripts.CreateAnOpenTextPollSession_Test" />
		</classes>
	</test>

	<test name="CreateMultipleChoicePollWithOneQn 154846 chrome">
		<parameter name="browser" value="chrome" />
		<classes>
			<class name="com.PigeonholeLive.Scripts.CreateMultipleChoicePollWithOneQn_Test" />
		</classes>
	</test>

	<test name="CreateMultipleChoicePollWithOneQn 154846 ie">
		<parameter name="browser" value="ie" />
		<classes>
			<class
				name="com.PigeonholeLive.Scripts.CreateMultipleChoicePollWithOneQn_Test" />
		</classes>
	</test>

	<test name="CreatingMultipleChoicePollWithFiveQnBasicPlan 168276 chrome">
		<parameter name="browser" value="chrome" />
		<classes>
			<class
				name="com.PigeonholeLive.Scripts.CreateMultipleChoicePollWithFiveQnBasicPlan_Test" />
		</classes>
	</test>

	<test name="CreatingMultipleChoicePollWithFiveQnBasicPlan 168276 ie">
		<parameter name="browser" value="ie" />
		<classes>
			<class
				name="com.PigeonholeLive.Scripts.CreateMultipleChoicePollWithFiveQnBasicPlan_Test" />
		</classes>
	</test>

	<test name="CreateQuizWithFiveQnInPresenterPaceOnBasicPlan 159726 chrome">
		<parameter name="browser" value="chrome" />
		<classes>
			<class
				name="com.PigeonholeLive.Scripts.CreateQuizWithFiveQnInPresenterPaceOnBasicPlan_Test" />
		</classes>
	</test>

	<test name="CreateQuizWithFiveQnInPresenterPaceOnBasicPlan 159726 ie">
		<parameter name="browser" value="ie" />
		<classes>
			<class
				name="com.PigeonholeLive.Scripts.CreateQuizWithFiveQnInPresenterPaceOnBasicPlan_Test" />
		</classes>
	</test>

	<test name="CreateQuizWithOneQnInAudiencePace 154843 chrome">
		<parameter name="browser" value="chrome" />
		<classes>
			<class
				name="com.PigeonholeLive.Scripts.CreateQuizWithOneQnInAudiencePace_Test" />
		</classes>
	</test>

	<test name="CreateQuizWithOneQnInAudiencePace 154843 ie">
		<parameter name="browser" value="ie" />
		<classes>
			<class
				name="com.PigeonholeLive.Scripts.CreateQuizWithOneQnInAudiencePace_Test" />
		</classes>
	</test>

	<test name="CreateQuizWithOneQnInPresenterPace 168278 chrome">
		<parameter name="browser" value="chrome" />
		<classes>
			<class
				name="com.PigeonholeLive.Scripts.CreateQuizWithOneQnInPresenterPace_Test" />
		</classes>
	</test>

	<test name="CreateQuizWithOneQnInPresenterPace 168278 ie">
		<parameter name="browser" value="ie" />
		<classes>
			<class
				name="com.PigeonholeLive.Scripts.CreateQuizWithOneQnInPresenterPace_Test" />
		</classes>
	</test>

	<test name="CreateSurveySession 141123 chrome">
		<parameter name="browser" value="chrome" />
		<classes>
			<class name="com.PigeonholeLive.Scripts.CreateSurveySession_Test" />
		</classes>
	</test>

	<test name="CreateSurveySession 141123 ie">
		<parameter name="browser" value="ie" />
		<classes>
			<class name="com.PigeonholeLive.Scripts.CreateSurveySession_Test" />
		</classes>
	</test>

	<test name="CreateWordCloudSession 141406 chrome">
		<parameter name="browser" value="chrome" />
		<classes>
			<class name="com.PigeonholeLive.Scripts.CreateWordCloudSession_Test" />
		</classes>
	</test>

	<test name="CreateWordCloudSession 141406 ie">
		<parameter name="browser" value="ie" />
		<classes>
			<class name="com.PigeonholeLive.Scripts.CreateWordCloudSession_Test" />
		</classes>
	</test>

	<test name="PostAnswerAnonymouslyInOpenEndedSessionAndVote 235757 chrome">
		<parameter name="browser" value="chrome" />
		<classes>
			<class
				name="com.PigeonholeLive.Scripts.PostAnswerAnonymouslyInOpenEndedSessionAndVote_Test" />
		</classes>
	</test>

	<test name="PostAnswerAnonymouslyInOpenEndedSessionAndVote 235757 ie">
		<parameter name="browser" value="ie" />
		<classes>
			<class
				name="com.PigeonholeLive.Scripts.PostAnswerAnonymouslyInOpenEndedSessionAndVote_Test" />
		</classes>
	</test>

	<test name="PostAnswerAnonymouslyInWordCloudSessionAndVote 224664 chrome">
		<parameter name="browser" value="chrome" />
		<classes>
			<class
				name="com.PigeonholeLive.Scripts.PostAnswerAnonymouslyInWordCloudSessionAndVote_Test" />
		</classes>
	</test>

	<test name="PostAnswerAnonymouslyInWordCloudSessionAndVote 224664 ie">
		<parameter name="browser" value="ie" />
		<classes>
			<class
				name="com.PigeonholeLive.Scripts.PostAnswerAnonymouslyInWordCloudSessionAndVote_Test" />
		</classes>
	</test>

	<test name="PurchaseOneTimeCaptivatePigeonhole 244518 chrome">
		<parameter name="browser" value="chrome" />
		<classes>
			<class
				name="com.PigeonholeLive.Scripts.PurchaseOneTimeCaptivatePigeonhole_Test" />
		</classes>
	</test>

	<test name="PurchaseOneTimeCaptivatePigeonhole 244518 ie">
		<parameter name="browser" value="ie" />
		<classes>
			<class
				name="com.PigeonholeLive.Scripts.PurchaseOneTimeCaptivatePigeonhole_Test" />
		</classes>
	</test>

	<test name="PurchaseOneTimeEngagePigeonhole 244519 chrome">
		<parameter name="browser" value="chrome" />
		<classes>
			<class
				name="com.PigeonholeLive.Scripts.PurchaseOneTimeEngagePigeonhole_Test" />
		</classes>
	</test>

	<test name="PurchaseOneTimeEngagePigeonhole 244519 ie">
		<parameter name="browser" value="ie" />
		<classes>
			<class
				name="com.PigeonholeLive.Scripts.PurchaseOneTimeEngagePigeonhole_Test" />
		</classes>
	</test>

	<test name="PurchaseOneTimeManagePigeonhole 157624 chrome">
		<parameter name="browser" value="chrome" />
		<classes>
			<class
				name="com.PigeonholeLive.Scripts.PurchaseOneTimeManagePigeonhole_Test" />
		</classes>
	</test>

	<test name="PurchaseOneTimeManagePigeonhole 157624 ie">
		<parameter name="browser" value="chrome" />
		<classes>
			<class
				name="com.PigeonholeLive.Scripts.PurchaseOneTimeManagePigeonhole_Test" />
		</classes>
	</test>

	<test name="PurchaseAnnualEngagePigeonhole 244434 chrome">
		<parameter name="browser" value="chrome" />
		<classes>
			<class
				name="com.PigeonholeLive.Scripts.PurchaseOneTimeManagePigeonhole_Test" />
		</classes>
	</test>

	<test name="PurchaseAnnualEngagePigeonhole 244434 ie">
		<parameter name="browser" value="ie" />
		<classes>
			<class
				name="com.PigeonholeLive.Scripts.PurchaseOneTimeManagePigeonhole_Test" />
		</classes>
	</test>

	<test name="PurchaseAnnualCaptivatePigeonhole 244518 chrome">
		<parameter name="browser" value="chrome" />
		<classes>
			<class
				name="com.PigeonholeLive.Scripts.PurchaseOneTimeManagePigeonhole_Test" />
		</classes>
	</test>

	<test name="PurchaseAnnualCaptivatePigeonhole 244518 ie">
		<parameter name="browser" value="ie" />
		<classes>
			<class
				name="com.PigeonholeLive.Scripts.PurchaseOneTimeManagePigeonhole_Test" />
		</classes>
	</test>

	<test name="UpgradeBasicToCaptivatePigeonhole 142558 chrome">
		<parameter name="browser" value="chrome" />
		<classes>
			<class
				name="com.PigeonholeLive.Scripts.UpgradeBasicToCaptivatePigeonhole_Test" />
		</classes>
	</test>

	<test name="UpgradeBasicToCaptivatePigeonhole 142558 ie">
		<parameter name="browser" value="ie" />
		<classes>
			<class
				name="com.PigeonholeLive.Scripts.UpgradeBasicToCaptivatePigeonhole_Test" />
		</classes>
	</test>

	<test name="UpgradeBasicToEngagePigeonhole 142557 chrome">
		<parameter name="browser" value="chrome" />
		<classes>
			<class
				name="com.PigeonholeLive.Scripts.UpgradeBasicToEngagePigeonhole_Test" />
		</classes>
	</test>

	<test name="UpgradeBasicToEngagePigeonhole 142557 ie">
		<parameter name="browser" value="ie" />
		<classes>
			<class
				name="com.PigeonholeLive.Scripts.UpgradeBasicToEngagePigeonhole_Test" />
		</classes>
	</test>

	<test name="ApproveAPendingQuestionOnAdminPanel 143461 chrome">
		<parameter name="browser" value="chrome" />
		<classes>
			<class
				name="com.PigeonholeLive.Scripts.ApproveAPendingQuestionOnAdminPanel_Test" />
		</classes>
	</test>

	<test name="ApproveAPendingQuestionOnAdminPanel 143461 ie">
		<parameter name="browser" value="ie" />
		<classes>
			<class
				name="com.PigeonholeLive.Scripts.ApproveAPendingQuestionOnAdminPanel_Test" />
		</classes>
	</test>

	<test name="EnterPasscodeToJoinAPigeonholeEvent 138776 chrome">
		<parameter name="browser" value="chrome" />
		<classes>
			<class
				name="com.PigeonholeLive.Scripts.EnterPasscodeToJoinAPigeonholeEvent_Test" />
		</classes>
	</test>

	<test name="EnterPasscodeToJoinAPigeonholeEvent 138776 ie">
		<parameter name="browser" value="ie" />
		<classes>
			<class
				name="com.PigeonholeLive.Scripts.EnterPasscodeToJoinAPigeonholeEvent_Test" />
		</classes>
	</test>
	
	<test name="TeamRedeemAPigeonhole 218954 chrome">
		<parameter name="browser" value="chrome" />
		<classes>
			<class name="com.PigeonholeLive.Scripts.TeamRedeemAPigeonhole_Test" />
		</classes>
	</test>
	
	<test name="TeamRedeemAPigeonhole 218954 ie">
		<parameter name="browser" value="ie" />
		<classes>
			<class name="com.PigeonholeLive.Scripts.TeamRedeemAPigeonhole_Test" />
		</classes>
	</test>
	
	<test
		name="AddAnAnswerToAnAllowedQuestionWithoutSpeakersInAdminPanel 179779 chrome">
		<parameter name="browser" value="chrome" />
		<classes>
			<class
				name="com.PigeonholeLive.Scripts.AddAnAnswerToAnAllowedQuestionWithoutSpeakersInAdminPanel_Test" />
		</classes>
	</test>
	
	<test
		name="AddAnAnswerToAnAllowedQuestionWithoutSpeakersInAdminPanel 179779 ie">
		<parameter name="browser" value="ie" />
		<classes>
			<class
				name="com.PigeonholeLive.Scripts.AddAnAnswerToAnAllowedQuestionWithoutSpeakersInAdminPanel_Test" />
		</classes>
	</test>

	<test name="UpgradeBasicToManagePigeonhole 142549 chrome">
		<parameter name="browser" value="chrome" />
		<classes>
			<class
				name="com.PigeonholeLive.Scripts.UpgradeBasicToManagePigeonhole_Test" />
		</classes>
	</test>

	<test name="UpgradeBasicToManagePigeonhole 142549 ie">
		<parameter name="browser" value="ie" />
		<classes>
			<class
				name="com.PigeonholeLive.Scripts.UpgradeBasicToManagePigeonhole_Test" />
		</classes>
	</test>
	<test
		name="DismissQuestionAndAllowDismissedQuestionOnAdminPanel 143468 chrome">
		<parameter name="browser" value="chrome" />
		<classes>
			<class
				name="com.PigeonholeLive.Scripts.DismissQuestionAndAllowDismissedQuestionOnAdminPanel_Test" />
		</classes>
	</test>

	<test
		name="DismissQuestionAndAllowDismissedQuestionOnAdminPanel 143468 ie">
		<parameter name="browser" value="ie" />
		<classes>
			<class
				name="com.PigeonholeLive.Scripts.DismissQuestionAndAllowDismissedQuestionOnAdminPanel_Test" />
		</classes>
	</test>
	<test name="EditAnAllowedQuestionOnAdminPanel 143442 chrome">
		<parameter name="browser" value="chrome" />
		<classes>
			<class
				name="com.PigeonholeLive.Scripts.EditAnAllowedQuestionOnAdminPanel_Test" />
		</classes>
	</test>
	<test name="EditAnAllowedQuestionOnAdminPanel 143442 ie">
		<parameter name="browser" value="ie" />
		<classes>
			<class
				name="com.PigeonholeLive.Scripts.EditAnAllowedQuestionOnAdminPanel_Test" />
		</classes>
	</test>
	<test name="UnActiveAndUnAnswerQuestionOnAdminPanel 143433 
		chrome">
		<parameter name="browser" value="chrome" />
		<classes>
			<class
				name="com.PigeonholeLive.Scripts.UnActiveAndUnAnswerQuestionOnAdminPanel_Test" />
		</classes>
	</test>
	<test name="UnActiveAndUnAnswerQuestionOnAdminPanel 143433 ie">
		<parameter name="browser" value="ie" />
		<classes>
			<class
				name="com.PigeonholeLive.Scripts.UnActiveAndUnAnswerQuestionOnAdminPanel_Test" />
		</classes>
	</test>
	<test name="PurchaseAnnualManagePigeonhole 244430 chrome">
		<parameter name="browser" value="chrome" />
		<classes>
			<class
				name="com.PigeonholeLive.Scripts.PurchaseAnnualManagePigeonhole_Test" />
		</classes>
	</test>
	<test name="PurchaseAnnualManagePigeonhole 244430 ie">
		<parameter name="browser" value="ie" />
		<classes>
			<class
				name="com.PigeonholeLive.Scripts.PurchaseAnnualManagePigeonhole_Test" />
		</classes>
	</test>

	<test name="TeamIPAddressWhiteList 205728 chrome">
		<parameter name="browser" value="chrome" />
		<classes>
			<class name="com.PigeonholeLive.Scripts.TeamIPAddressWhiteList_Test" />
		</classes>
	</test>

	<test name="TeamIPAddressWhiteList 205728 ie">
		<parameter name="browser" value="ie" />
		<classes>
			<class name="com.PigeonholeLive.Scripts.TeamIPAddressWhiteList_Test" />
		</classes>
	</test>

</suite> 