<?xml version="1.0" encoding="UTF-8"?>
<!DOCTYPE suite SYSTEM "http://testng.org/testng-1.0.dtd">
<suite name="Insider_Automation Parallel Testing" parallel="tests">

  <listeners>
		<listener
			 class-name ="com.Insider.Reports.TestNGCustomReportListener" />
		</listeners>
		
	<test
		name="Verify Insider Tests 123 chrome">
		<parameter name="browser" value="chrome"/>
		<classes>
			<class
				name="com.Insider.Scripts.VerifyInsider_Tests" />
		</classes>
	</test>	
	
	<test
		name="Verify Insider Tests 123 firefox">
		<parameter name="browser" value="firefox"/>
		<classes>
			<class
				name="com.Insider.Scripts.VerifyInsider_Tests" />
		</classes>
	</test>	
  
</suite> 
