<?xml version="1.0" encoding="UTF-8"?>
<!DOCTYPE suite SYSTEM "https://testng.org/testng-1.0.dtd">
<suite name="Suite">
	<groups>
		<run>
			<include name="sanity">
				
			</include>
		</run>
	</groups>
	<listeners>
		<listener class-name="Reusable.Customlisteners"></listener>
	</listeners>
  <test thread-count="5" name="Test">
    <classes>
		<class name="TestScripts.BASE"/>
		<class name="TestScripts.LoginScreenScript"/>
      <class name="TestScripts.VKT_AccountScripts"/>
      <class name="TestScripts.AddUserAgentsScript"/>
      <class name="TestScripts.VSEDashboardScript"/>
       <class name="TestScripts.AddHospitalScript"/>
      <class name="TestScripts.AddDoctorsScript"/> 
      <class name="TestScripts.RegisterPatientScript"/> 
    </classes>
  </test> <!-- Test -->
</suite> <!-- Suite -->
